<?xml version="1.0" encoding="UTF-8"?>
<beans xmlns="http://www.springframework.org/schema/beans"
xmlns:context="http://www.springframework.org/schema/context"
xmlns:xsi="http://www.w3.org/2001/XMLSchema-instance"
xmlns:mvc="http://www.springframework.org/schema/mvc"
xmlns:tx="http://www.springframework.org/schema/tx"
xsi:schemaLocation=
        "http://www.springframework.org/schema/beans   
        http://www.springframework.org/schema/beans/spring-beans.xsd
        http://www.springframework.org/schema/context
        http://www.springframework.org/schema/context/spring-context.xsd
        http://www.springframework.org/schema/mvc
        http://www.springframework.org/schema/mvc/spring-mvc.xsd
        http://www.springframework.org/schema/tx
        http://www.springframework.org/schema/tx/spring-tx-3.0.xsd">
       <bean id="viewResolver"
      class="org.springframework.web.servlet.view.InternalResourceViewResolver">
               <property name="prefix" value="/WEB-INF/"/>
               <property name="suffix" value=".jsp"/>
           </bean>
    <bean id="dataSource" class
      ="org.springframework.jdbc.datasource.DriverManagerDataSource">
       <property name="driverClassName" value="oracle.jdbc.driver.OracleDriver"/>
       <property name="url" value="jdbc:oracle:thin:@localhost:1521:XE"/>
       <property name="username" value="system"/>
       <property name="password" value="orcl11g"/>
    </bean>
     <bean id="entityManagerFactory"
     class="org.springframework.orm.jpa.LocalContainerEntityManagerFactoryBean">
       <property name="dataSource" ref="dataSource"/>
       <property name="packagesToScan" value="com.cg.emp.bean"/>
       <property name="jpaVendorAdapter">
           <bean class="org.springframework.orm.jpa.vendor.HibernateJpaVendorAdapter"/>
            </property>
        <property name="jpaProperties">
          <props>
             <prop key="hibernate.hbm2ddl.auto">update</prop>
               <prop key="hibernate.dialect">org.hibernate.dialect.OracleDialect</prop>
           </props>
       </property>
       </bean>
       <bean id="transactionManager" class="org.springframework.orm.jpa.JpaTransactionManager">
          <property name="entityManagerFactory" ref="entityManagerFactory"/>
       </bean>
        <context:annotation-config/>
       <context:component-scan base-package="com.cg.emp"/>
       <mvc:annotation-driven/>
       <tx:annotation-driven transaction-manager="transactionManager"/>
       <bean id="myBeansValidator" class="org.springframework.validation.beanvalidation.LocalValidatorFactoryBean"/>
       <mvc:annotation-driven validator="myBeansValidator"/>
  </beans>